,col0,col1
0,|打m,1000918
1,f打m,1000919
2,O瓒m,1000916
3,じm,1000917
4,G舳m,1000718
5,览Ym,1000717
6,HQm,1000714
7,Hみm,1000715
8,バい马,1000712
9,jm,1000713
10,Lカ,1000710
11,匪打马,1000711
12,j|m,1000907
13,_翠马,1000906
14,戋缆,1000903
15,ゆn马,1000902
16,ゆせカ,1000901
17,宾sm,1001015
18,匪{m,1000726
19,j岸m,1000724
20,榜Ym,1000722
21,バЮm,1000721
22,GL马,1000720
23,j榜m,1000908
24,gw马,1000905
25,枇陈,1000904
26,jL马,1001004
27,匪fm,1001006
28,角┚m,1000915
29,Lずm,1000910
30,G[m,1000911
31,舁蕉m,1000811
32,くRm,1000813
33,Hqm,1000812
34,舄Lm,1000920
35,l涠m,1000909
36,翠m,1000705
37,u瓒m,1000704
38,q舳m,1000707
39,褐砍m,1000706
40,チ动m,1001005
41,W丁m,1000806
42,忱ém,1000807
43,λs马,1000804
44,栋栋马,1000805
45,辰蓝m,1000809
